party_id,question_id,dimension_id,value,status,source_ids,inference_values,inference_confidence,inference_source_ids
likud,Q1,statehood,no,S,LS,,,
likud,Q1,framework,,U,,,,
likud,Q2,obligation,,U,,,,
likud,Q2,pathway,,U,,,,
likud,Q3,ordinary_override,,U,,,,
likud,Q3,appointments,parliament,I,TOI_JUDGES25,parliament,0.6,TOI_JUDGES25
likud,Q4,equality,,U,,,,
likud,Q4,identity,,U,,,,
likud,Q5,civil_route,,U,,,,
likud,Q5,religious_role,,U,,,,
likud,Q6,service,none,S,YNET_TRANSPORT26,,,
likud,Q6,authority,,U,,,,
likud,Q7,services,,U,,,,
likud,Q7,funding,lower_taxes,I,IDI_LIKUD,lower_taxes,0.6,IDI_LIKUD
likud,Q8,imports,,U,,,,
likud,Q8,consumer_tool,competition,R,IDI_LIKUD,,,
likud,Q9,core_condition,,U,,,,
likud,Q9,school_model,,U,,,,
likud,Q10,security_role,,U,,,,
likud,Q10,lead,,U,,,,
likud,Q11,unilateral_sovereignty,,U,,,,
likud,Q11,territorial_route,,U,,,,
likud,Q12,settlements,,U,,,,
likud,Q12,administration,,U,,,,
likud,Q13,statutory,no,R,TOI_PROBE26,,,
likud,Q13,appointment,,U,,,,
likud,Q14,binding_limit,,U,,,,
likud,Q14,mechanism,,U,,,,
likud,Q15,parent_status,,U,,,,
likud,Q15,family_routes,,U,,,,
likud,Q16,funding_model,,U,,,,
likud,Q16,admissions,,U,,,,
likud,Q17,public_stock,,U,,,,
likud,Q17,housing_tool,,U,,,,
likud,Q18,bargaining,,U,,,,
likud,Q18,disputes,,U,,,,
likud,Q19,compulsory,,U,,,,
likud,Q19,service_model,,U,,,,
likud,Q20,binding_targets,,U,,,,
likud,Q20,climate_tool,,U,,,,
yashar,Q1,statehood,no,S,STATEHOOD26,,,
yashar,Q1,framework,,U,,,,
yashar,Q2,obligation,universal,P,Y_SERVICE,,,
yashar,Q2,pathway,military_priority,P,Y_SERVICE,,,
yashar,Q3,ordinary_override,,U,,,,
yashar,Q3,appointments,,U,,,,
yashar,Q4,equality,,U,,,,
yashar,Q4,identity,jewish_democratic,P,Y,,,
yashar,Q5,civil_route,,U,,,,
yashar,Q5,religious_role,,U,,,,
yashar,Q6,service,,U,,,,
yashar,Q6,authority,local,S,YNET_TRANSPORT26,,,
yashar,Q7,services,expand,P,Y,,,
yashar,Q7,funding,,U,,,,
yashar,Q8,imports,open,P,Y_ECON,,,
yashar,Q8,consumer_tool,competition,P,Y_ECON,,,
yashar,Q9,core_condition,yes,P,Y_ED,,,
yashar,Q9,school_model,,U,,,,
yashar,Q10,security_role,,U,,,,
yashar,Q10,lead,national_police,I,Y,national_police,0.6,Y
yashar,Q11,unilateral_sovereignty,,U,,,,
yashar,Q11,territorial_route,,U,,,,
yashar,Q12,settlements,,U,,,,
yashar,Q12,administration,,U,,,,
yashar,Q13,statutory,yes,P,Y_INQUIRY,,,
yashar,Q13,appointment,judicial,P,Y_INQUIRY,,,
yashar,Q14,binding_limit,yes,P,Y,,,
yashar,Q14,mechanism,terms,P,Y,,,
yashar,Q15,parent_status,,U,,,,
yashar,Q15,family_routes,,U,,,,
yashar,Q16,funding_model,institution,P,Y_ED,,,
yashar,Q16,admissions,,U,,,,
yashar,Q17,public_stock,,U,,,,
yashar,Q17,housing_tool,private_supply,I,Y_ECON,private_supply,0.6,Y_ECON
yashar,Q18,bargaining,,U,,,,
yashar,Q18,disputes,,U,,,,
yashar,Q19,compulsory,yes,P,Y_SERVICE,,,
yashar,Q19,service_model,military_priority,P,Y_SERVICE,,,
yashar,Q20,binding_targets,,U,,,,
yashar,Q20,climate_tool,,U,,,,
beyahad,Q1,statehood,,U,,,,
beyahad,Q1,framework,,U,,,,
beyahad,Q2,obligation,universal,P,B,,,
beyahad,Q2,pathway,,U,,,,
beyahad,Q3,ordinary_override,,U,,,,
beyahad,Q3,appointments,,U,,,,
beyahad,Q4,equality,constitutional,P,B,,,
beyahad,Q4,identity,,U,,,,
beyahad,Q5,civil_route,registration,P,B,,,
beyahad,Q5,religious_role,,U,,,,
beyahad,Q6,service,limited|full,R,TOI_REL26,,,
beyahad,Q6,authority,local,P,B,,,
beyahad,Q7,services,expand,P,B,,,
beyahad,Q7,funding,,U,,,,
beyahad,Q8,imports,open,P,B,,,
beyahad,Q8,consumer_tool,competition,P,B,,,
beyahad,Q9,core_condition,yes,P,B,,,
beyahad,Q9,school_model,,U,,,,
beyahad,Q10,security_role,yes,P,B,,,
beyahad,Q10,lead,,U,,,,
beyahad,Q11,unilateral_sovereignty,,U,,,,
beyahad,Q11,territorial_route,,U,,,,
beyahad,Q12,settlements,,U,,,,
beyahad,Q12,administration,,U,,,,
beyahad,Q13,statutory,yes,P,B,,,
beyahad,Q13,appointment,judicial,P,B,,,
beyahad,Q14,binding_limit,yes,P,B,,,
beyahad,Q14,mechanism,years,P,B,,,
beyahad,Q15,parent_status,yes,P,B,,,
beyahad,Q15,family_routes,,U,,,,
beyahad,Q16,funding_model,,U,,,,
beyahad,Q16,admissions,,U,,,,
beyahad,Q17,public_stock,,U,,,,
beyahad,Q17,housing_tool,,U,,,,
beyahad,Q18,bargaining,,U,,,,
beyahad,Q18,disputes,,U,,,,
beyahad,Q19,compulsory,yes,S,DR,,,
beyahad,Q19,service_model,,U,,,,
beyahad,Q20,binding_targets,yes,P,BE,,,
beyahad,Q20,climate_tool,sector_budgets,P,BE,,,
democrats,Q1,statehood,yes,P,D,,,
democrats,Q1,framework,,U,,,,
democrats,Q2,obligation,universal,P,D,,,
democrats,Q2,pathway,military_priority,P,D,,,
democrats,Q3,ordinary_override,no,P,D,,,
democrats,Q3,appointments,,U,,,,
democrats,Q4,equality,constitutional,P,D,,,
democrats,Q4,identity,,U,,,,
democrats,Q5,civil_route,marriage,P,D,,,
democrats,Q5,religious_role,,U,,,,
democrats,Q6,service,limited,P,D,,,
democrats,Q6,authority,local,P,D,,,
democrats,Q7,services,expand,P,D,,,
democrats,Q7,funding,,U,,,,
democrats,Q8,imports,open,P,D,,,
democrats,Q8,consumer_tool,,U,,,,
democrats,Q9,core_condition,yes,P,D,,,
democrats,Q9,school_model,state,P,D,,,
democrats,Q10,security_role,,U,,,,
democrats,Q10,lead,,U,,,,
democrats,Q11,unilateral_sovereignty,no,P,D,,,
democrats,Q11,territorial_route,,U,,,,
democrats,Q12,settlements,,U,,,,
democrats,Q12,administration,,U,,,,
democrats,Q13,statutory,yes,P,DC,,,
democrats,Q13,appointment,judicial,P,DC,,,
democrats,Q14,binding_limit,yes,P,D,,,
democrats,Q14,mechanism,,U,,,,
democrats,Q15,parent_status,,U,,,,
democrats,Q15,family_routes,,U,,,,
democrats,Q16,funding_model,,U,,,,
democrats,Q16,admissions,,U,,,,
democrats,Q17,public_stock,,U,,,,
democrats,Q17,housing_tool,,U,,,,
democrats,Q18,bargaining,,U,,,,
democrats,Q18,disputes,,U,,,,
democrats,Q19,compulsory,yes,P,D;DR,,,
democrats,Q19,service_model,,U,,,,
democrats,Q20,binding_targets,,U,,,,
democrats,Q20,climate_tool,,U,,,,
religious_zionism,Q1,statehood,no,P,RDS,,,
religious_zionism,Q1,framework,,U,,,,
religious_zionism,Q2,obligation,,U,,,,
religious_zionism,Q2,pathway,,U,,,,
religious_zionism,Q3,ordinary_override,yes,H,RJ,,,
religious_zionism,Q3,appointments,parliament,H,RDJ21,parliament,0.6,TOI_JUDGES25
religious_zionism,Q4,equality,,U,,,,
religious_zionism,Q4,identity,jewish_democratic,H,RDI21,,,
religious_zionism,Q5,civil_route,,U,,,,
religious_zionism,Q5,religious_role,exclusive,H,TOI_RZ_REL19,,,
religious_zionism,Q6,service,none,S,YNET_TRANSPORT26,,,
religious_zionism,Q6,authority,,U,,,,
religious_zionism,Q7,services,expand,H,RDB23,,,
religious_zionism,Q7,funding,,U,,,,
religious_zionism,Q8,imports,,U,,,,
religious_zionism,Q8,consumer_tool,competition,H,RDB23,,,
religious_zionism,Q9,core_condition,,U,,,,
religious_zionism,Q9,school_model,,U,,,,
religious_zionism,Q10,security_role,,U,,,,
religious_zionism,Q10,lead,,U,,,,
religious_zionism,Q11,unilateral_sovereignty,yes,P,RDS,,,
religious_zionism,Q11,territorial_route,,U,,,,
religious_zionism,Q12,settlements,yes,R,TOI_GAZA_RZ25,,,
religious_zionism,Q12,administration,israeli,S,RZ_GAZA26,,,
religious_zionism,Q13,statutory,,U,,,,
religious_zionism,Q13,appointment,,U,,,,
religious_zionism,Q14,binding_limit,,U,,,,
religious_zionism,Q14,mechanism,,U,,,,
religious_zionism,Q15,parent_status,,U,,,,
religious_zionism,Q15,family_routes,,U,,,,
religious_zionism,Q16,funding_model,,U,,,,
religious_zionism,Q16,admissions,,U,,,,
religious_zionism,Q17,public_stock,,U,,,,
religious_zionism,Q17,housing_tool,,U,,,,
religious_zionism,Q18,bargaining,,U,,,,
religious_zionism,Q18,disputes,essential_arbitration,H,RDE21,,,
religious_zionism,Q19,compulsory,,U,,,,
religious_zionism,Q19,service_model,,U,,,,
religious_zionism,Q20,binding_targets,,U,,,,
religious_zionism,Q20,climate_tool,,U,,,,
otzma,Q1,statehood,no,S,STATEHOOD26,,,
otzma,Q1,framework,,U,,,,
otzma,Q2,obligation,,U,,,,
otzma,Q2,pathway,,U,,,,
otzma,Q3,ordinary_override,,U,,,,
otzma,Q3,appointments,parliament,I,IDI_OTZMA,parliament,0.6,IDI_OTZMA
otzma,Q4,equality,,U,,,,
otzma,Q4,identity,,U,,,,
otzma,Q5,civil_route,,U,,,,
otzma,Q5,religious_role,,U,,,,
otzma,Q6,service,,U,,,,
otzma,Q6,authority,,U,,,,
otzma,Q7,services,,U,,,,
otzma,Q7,funding,,U,,,,
otzma,Q8,imports,,U,,,,
otzma,Q8,consumer_tool,,U,,,,
otzma,Q9,core_condition,,U,,,,
otzma,Q9,school_model,,U,,,,
otzma,Q10,security_role,yes,R,TOI_CRIME25,,,
otzma,Q10,lead,,U,,,,
otzma,Q11,unilateral_sovereignty,yes,R,IDI_OTZMA,,,
otzma,Q11,territorial_route,all,H,OZ20,,,
otzma,Q12,settlements,yes,R,TOI_GAZA_OZ24,,,
otzma,Q12,administration,,U,,,,
otzma,Q13,statutory,,U,,,,
otzma,Q13,appointment,,U,,,,
otzma,Q14,binding_limit,,U,,,,
otzma,Q14,mechanism,,U,,,,
otzma,Q15,parent_status,,U,,,,
otzma,Q15,family_routes,,U,,,,
otzma,Q16,funding_model,,U,,,,
otzma,Q16,admissions,,U,,,,
otzma,Q17,public_stock,,U,,,,
otzma,Q17,housing_tool,,U,,,,
otzma,Q18,bargaining,,U,,,,
otzma,Q18,disputes,,U,,,,
otzma,Q19,compulsory,,U,,,,
otzma,Q19,service_model,,U,,,,
otzma,Q20,binding_targets,,U,,,,
otzma,Q20,climate_tool,,U,,,,
shas,Q1,statehood,,U,,,,
shas,Q1,framework,,U,,,,
shas,Q2,obligation,sector_exemption,R,DR,,,
shas,Q2,pathway,,U,,,,
shas,Q3,ordinary_override,,U,,,,
shas,Q3,appointments,,U,,,,
shas,Q4,equality,,U,,,,
shas,Q4,identity,,U,,,,
shas,Q5,civil_route,none,R,TOI_REL26,,,
shas,Q5,religious_role,exclusive,R,TOI_REL26,,,
shas,Q6,service,none,R,TOI_REL26,,,
shas,Q6,authority,,U,,,,
shas,Q7,services,expand,H,S,expand,0.6,IDI_SHAS
shas,Q7,funding,,U,,,,
shas,Q8,imports,,U,,,,
shas,Q8,consumer_tool,,U,,,,
shas,Q9,core_condition,no,I,TOI_SCHOOL25;TOI_SCHOOL26,no,0.6,TOI_SCHOOL25;TOI_SCHOOL26
shas,Q9,school_model,mixed,R,TOI_SCHOOL26,,,
shas,Q10,security_role,,U,,,,
shas,Q10,lead,,U,,,,
shas,Q11,unilateral_sovereignty,,U,,,,
shas,Q11,territorial_route,,U,,,,
shas,Q12,settlements,,U,,,,
shas,Q12,administration,,U,,,,
shas,Q13,statutory,,U,,,,
shas,Q13,appointment,,U,,,,
shas,Q14,binding_limit,,U,,,,
shas,Q14,mechanism,,U,,,,
shas,Q15,parent_status,,U,,,,
shas,Q15,family_routes,,U,,,,
shas,Q16,funding_model,institution,R,TOI_SCHOOL25,,,
shas,Q16,admissions,,U,,,,
shas,Q17,public_stock,yes,H,S,,,
shas,Q17,housing_tool,,U,,,,
shas,Q18,bargaining,,U,,,,
shas,Q18,disputes,,U,,,,
shas,Q19,compulsory,,U,,,,
shas,Q19,service_model,,U,,,,
shas,Q20,binding_targets,,U,,,,
shas,Q20,climate_tool,,U,,,,
beytenu,Q1,statehood,,U,,,,
beytenu,Q1,framework,,U,,,,
beytenu,Q2,obligation,universal,P,IB,,,
beytenu,Q2,pathway,,U,,,,
beytenu,Q3,ordinary_override,no,P,IB,,,
beytenu,Q3,appointments,,U,,,,
beytenu,Q4,equality,constitutional,P,IB,,,
beytenu,Q4,identity,,U,,,,
beytenu,Q5,civil_route,marriage,P,IB,,,
beytenu,Q5,religious_role,,U,,,,
beytenu,Q6,service,limited|full,R,TOI_REL26,,,
beytenu,Q6,authority,local,P,IB,,,
beytenu,Q7,services,expand,P,IB,,,
beytenu,Q7,funding,,U,,,,
beytenu,Q8,imports,open,P,IB,,,
beytenu,Q8,consumer_tool,competition,P,IB,,,
beytenu,Q9,core_condition,yes,P,IB,,,
beytenu,Q9,school_model,,U,,,,
beytenu,Q10,security_role,,U,,,,
beytenu,Q10,lead,,U,,,,
beytenu,Q11,unilateral_sovereignty,,U,,,,
beytenu,Q11,territorial_route,,U,,,,
beytenu,Q12,settlements,,U,,,,
beytenu,Q12,administration,,U,,,,
beytenu,Q13,statutory,yes,P,IB,,,
beytenu,Q13,appointment,judicial,P,IB,,,
beytenu,Q14,binding_limit,yes,P,IB,,,
beytenu,Q14,mechanism,terms,P,IB,,,
beytenu,Q15,parent_status,,U,,,,
beytenu,Q15,family_routes,,U,,,,
beytenu,Q16,funding_model,,U,,,,
beytenu,Q16,admissions,,U,,,,
beytenu,Q17,public_stock,,U,,,,
beytenu,Q17,housing_tool,,U,,,,
beytenu,Q18,bargaining,,U,,,,
beytenu,Q18,disputes,,U,,,,
beytenu,Q19,compulsory,yes,P,IB,,,
beytenu,Q19,service_model,,U,,,,
beytenu,Q20,binding_targets,,U,,,,
beytenu,Q20,climate_tool,,U,,,,
raam,Q1,statehood,yes,S,STATEHOOD26,,,
raam,Q1,framework,,U,,,,
raam,Q2,obligation,,U,,,,
raam,Q2,pathway,,U,,,,
raam,Q3,ordinary_override,,U,,,,
raam,Q3,appointments,,U,,,,
raam,Q4,equality,constitutional,R,IDI_RAAM,,,
raam,Q4,identity,,U,,,,
raam,Q5,civil_route,,U,,,,
raam,Q5,religious_role,,U,,,,
raam,Q6,service,,U,,,,
raam,Q6,authority,,U,,,,
raam,Q7,services,maintain|expand,S,AR_RAAM_BUDGET26,,,
raam,Q7,funding,,U,,,,
raam,Q8,imports,,U,,,,
raam,Q8,consumer_tool,,U,,,,
raam,Q9,core_condition,,U,,,,
raam,Q9,school_model,,U,,,,
raam,Q10,security_role,,U,,,,
raam,Q10,lead,national_police,S,AR_RAAM_CRIME26,,,
raam,Q11,unilateral_sovereignty,no,R,IDI_RAAM,,,
raam,Q11,territorial_route,,U,,,,
raam,Q12,settlements,no,H,R,no,0.6,IDI_RAAM
raam,Q12,administration,,U,,,,
raam,Q13,statutory,,U,,,,
raam,Q13,appointment,,U,,,,
raam,Q14,binding_limit,,U,,,,
raam,Q14,mechanism,,U,,,,
raam,Q15,parent_status,,U,,,,
raam,Q15,family_routes,,U,,,,
raam,Q16,funding_model,,U,,,,
raam,Q16,admissions,,U,,,,
raam,Q17,public_stock,,U,,,,
raam,Q17,housing_tool,,U,,,,
raam,Q18,bargaining,,U,,,,
raam,Q18,disputes,,U,,,,
raam,Q19,compulsory,no,S,DR,,,
raam,Q19,service_model,,U,,,,
raam,Q20,binding_targets,,U,,,,
raam,Q20,climate_tool,,U,,,,
hadash,Q1,statehood,yes,R,IDI_HADASH,,,
hadash,Q1,framework,,U,,,,
hadash,Q2,obligation,voluntary,R,TOI_ODEH24,,,
hadash,Q2,pathway,,U,,,,
hadash,Q3,ordinary_override,,U,,,,
hadash,Q3,appointments,,U,,,,
hadash,Q4,equality,constitutional,H,HH,,,
hadash,Q4,identity,,U,,,,
hadash,Q5,civil_route,,U,,,,
hadash,Q5,religious_role,private,H,TOI_ARAB20,,,
hadash,Q6,service,,U,,,,
hadash,Q6,authority,,U,,,,
hadash,Q7,services,expand,S,AR_HADASH_ED26,,,
hadash,Q7,funding,progressive,I,IDI_HADASH,progressive,0.6,IDI_HADASH
hadash,Q8,imports,,U,,,,
hadash,Q8,consumer_tool,,U,,,,
hadash,Q9,core_condition,,U,,,,
hadash,Q9,school_model,,U,,,,
hadash,Q10,security_role,,U,,,,
hadash,Q10,lead,national_police|local_police,I,TOI_ARAB_CRIME26,national_police|local_police,0.6,TOI_ARAB_CRIME26
hadash,Q11,unilateral_sovereignty,no,R,IDI_HADASH,,,
hadash,Q11,territorial_route,,U,,,,
hadash,Q12,settlements,no,I,IDI_HADASH,no,0.6,IDI_HADASH
hadash,Q12,administration,,U,,,,
hadash,Q13,statutory,,U,,,,
hadash,Q13,appointment,,U,,,,
hadash,Q14,binding_limit,,U,,,,
hadash,Q14,mechanism,,U,,,,
hadash,Q15,parent_status,,U,,,,
hadash,Q15,family_routes,,U,,,,
hadash,Q16,funding_model,,U,,,,
hadash,Q16,admissions,,U,,,,
hadash,Q17,public_stock,yes,H,HH,,,
hadash,Q17,housing_tool,,U,,,,
hadash,Q18,bargaining,collective,H,H22,collective,0.6,IDI_HADASH
hadash,Q18,disputes,,U,,,,
hadash,Q19,compulsory,no,S,AR_HB_SERVICE26,,,
hadash,Q19,service_model,,U,,,,
hadash,Q20,binding_targets,,U,,,,
hadash,Q20,climate_tool,,U,,,,
taal,Q1,statehood,yes,R,TI,,,
taal,Q1,framework,bilateral,R,IDI_TAAL,,,
taal,Q2,obligation,,U,,,,
taal,Q2,pathway,,U,,,,
taal,Q3,ordinary_override,,U,,,,
taal,Q3,appointments,,U,,,,
taal,Q4,equality,,U,,,,
taal,Q4,identity,,U,,,,
taal,Q5,civil_route,marriage|registration,I,IDI_TAAL,marriage|registration,0.6,IDI_TAAL
taal,Q5,religious_role,,U,,,,
taal,Q6,service,limited|full,I,IDI_TAAL,limited|full,0.6,IDI_TAAL
taal,Q6,authority,,U,,,,
taal,Q7,services,,U,,,,
taal,Q7,funding,,U,,,,
taal,Q8,imports,,U,,,,
taal,Q8,consumer_tool,,U,,,,
taal,Q9,core_condition,,U,,,,
taal,Q9,school_model,,U,,,,
taal,Q10,security_role,,U,,,,
taal,Q10,lead,national_police,S,AR_TAAL_POLICE25,,,
taal,Q11,unilateral_sovereignty,,U,,,,
taal,Q11,territorial_route,,U,,,,
taal,Q12,settlements,,U,,,,
taal,Q12,administration,,U,,,,
taal,Q13,statutory,yes,S,AR_TAAL_INQUIRY,,,
taal,Q13,appointment,,U,,,,
taal,Q14,binding_limit,,U,,,,
taal,Q14,mechanism,,U,,,,
taal,Q15,parent_status,,U,,,,
taal,Q15,family_routes,,U,,,,
taal,Q16,funding_model,,U,,,,
taal,Q16,admissions,,U,,,,
taal,Q17,public_stock,,U,,,,
taal,Q17,housing_tool,,U,,,,
taal,Q18,bargaining,collective,H,H22,,,
taal,Q18,disputes,,U,,,,
taal,Q19,compulsory,no,H,YNET_SERVICE12,,,
taal,Q19,service_model,,U,,,,
taal,Q20,binding_targets,,U,,,,
taal,Q20,climate_tool,,U,,,,
balad,Q1,statehood,yes,R,IDI_BALAD,,,
balad,Q1,framework,,U,,,,
balad,Q2,obligation,,U,,,,
balad,Q2,pathway,,U,,,,
balad,Q3,ordinary_override,,U,,,,
balad,Q3,appointments,,U,,,,
balad,Q4,equality,constitutional,H,BA,constitutional,0.6,BA
balad,Q4,identity,civic,R,IDI_BALAD,,,
balad,Q5,civil_route,marriage|registration,I,IDI_BALAD,marriage|registration,0.6,IDI_BALAD
balad,Q5,religious_role,optional|private,I,IDI_BALAD,optional|private,0.6,IDI_BALAD
balad,Q6,service,limited|full,I,IDI_BALAD,limited|full,0.6,IDI_BALAD
balad,Q6,authority,,U,,,,
balad,Q7,services,expand,H,BA,,,
balad,Q7,funding,progressive,H,BA,progressive,0.6,BA
balad,Q8,imports,,U,,,,
balad,Q8,consumer_tool,,U,,,,
balad,Q9,core_condition,,U,,,,
balad,Q9,school_model,,U,,,,
balad,Q10,security_role,,U,,,,
balad,Q10,lead,national_police|local_police,I,TOI_ARAB_CRIME26,national_police|local_police,0.6,TOI_ARAB_CRIME26
balad,Q11,unilateral_sovereignty,no,R,IDI_BALAD,,,
balad,Q11,territorial_route,,U,,,,
balad,Q12,settlements,no,I,IDI_BALAD,no,0.6,IDI_BALAD
balad,Q12,administration,,U,,,,
balad,Q13,statutory,,U,,,,
balad,Q13,appointment,,U,,,,
balad,Q14,binding_limit,,U,,,,
balad,Q14,mechanism,,U,,,,
balad,Q15,parent_status,,U,,,,
balad,Q15,family_routes,,U,,,,
balad,Q16,funding_model,,U,,,,
balad,Q16,admissions,,U,,,,
balad,Q17,public_stock,,U,,,,
balad,Q17,housing_tool,,U,,,,
balad,Q18,bargaining,collective,H,BA,collective,0.6,BA
balad,Q18,disputes,,U,,,,
balad,Q19,compulsory,no,S,AR_HB_SERVICE26,,,
balad,Q19,service_model,,U,,,,
balad,Q20,binding_targets,,U,,,,
balad,Q20,climate_tool,,U,,,,
utj,Q1,statehood,,U,,,,
utj,Q1,framework,,U,,,,
utj,Q2,obligation,sector_exemption,S,DR,,,
utj,Q2,pathway,,U,,,,
utj,Q3,ordinary_override,,U,,,,
utj,Q3,appointments,,U,,,,
utj,Q4,equality,,U,,,,
utj,Q4,identity,,U,,,,
utj,Q5,civil_route,none,R,TOI_REL26,,,
utj,Q5,religious_role,exclusive,R,TOI_REL26,,,
utj,Q6,service,none,R,TOI_REL26,,,
utj,Q6,authority,,U,,,,
utj,Q7,services,expand,I,IDI_UTJ,expand,0.6,IDI_UTJ
utj,Q7,funding,,U,,,,
utj,Q8,imports,,U,,,,
utj,Q8,consumer_tool,,U,,,,
utj,Q9,core_condition,no,H,UT,no,0.6,TOI_SCHOOL25;TOI_SCHOOL26
utj,Q9,school_model,mixed,R,TOI_SCHOOL26,,,
utj,Q10,security_role,,U,,,,
utj,Q10,lead,,U,,,,
utj,Q11,unilateral_sovereignty,,U,,,,
utj,Q11,territorial_route,,U,,,,
utj,Q12,settlements,,U,,,,
utj,Q12,administration,,U,,,,
utj,Q13,statutory,,U,,,,
utj,Q13,appointment,,U,,,,
utj,Q14,binding_limit,,U,,,,
utj,Q14,mechanism,,U,,,,
utj,Q15,parent_status,,U,,,,
utj,Q15,family_routes,,U,,,,
utj,Q16,funding_model,institution,R,TOI_SCHOOL25,,,
utj,Q16,admissions,,U,,,,
utj,Q17,public_stock,,U,,,,
utj,Q17,housing_tool,,U,,,,
utj,Q18,bargaining,,U,,,,
utj,Q18,disputes,,U,,,,
utj,Q19,compulsory,,U,,,,
utj,Q19,service_model,,U,,,,
utj,Q20,binding_targets,,U,,,,
utj,Q20,climate_tool,,U,,,,
zehut,Q1,statehood,no,P,Z,,,
zehut,Q1,framework,,U,,,,
zehut,Q2,obligation,voluntary,P,Z,,,
zehut,Q2,pathway,,U,,,,
zehut,Q3,ordinary_override,,U,,,,
zehut,Q3,appointments,direct,P,ZC,,,
zehut,Q4,equality,,U,,,,
zehut,Q4,identity,,U,,,,
zehut,Q5,civil_route,,U,,,,
zehut,Q5,religious_role,,U,,,,
zehut,Q6,service,,U,,,,
zehut,Q6,authority,,U,,,,
zehut,Q7,services,reduce,P,Z,,,
zehut,Q7,funding,,U,,,,
zehut,Q8,imports,open,P,Z,,,
zehut,Q8,consumer_tool,competition,P,Z,,,
zehut,Q9,core_condition,yes,P,Z,,,
zehut,Q9,school_model,voucher,P,Z,,,
zehut,Q10,security_role,yes,P,ZC,,,
zehut,Q10,lead,,U,,,,
zehut,Q11,unilateral_sovereignty,yes,P,Z,,,
zehut,Q11,territorial_route,all,P,Z,,,
zehut,Q12,settlements,yes,P,ZC,,,
zehut,Q12,administration,,U,,,,
zehut,Q13,statutory,,U,,,,
zehut,Q13,appointment,,U,,,,
zehut,Q14,binding_limit,,U,,,,
zehut,Q14,mechanism,,U,,,,
zehut,Q15,parent_status,,U,,,,
zehut,Q15,family_routes,,U,,,,
zehut,Q16,funding_model,voucher,P,Z,,,
zehut,Q16,admissions,,U,,,,
zehut,Q17,public_stock,,U,,,,
zehut,Q17,housing_tool,,U,,,,
zehut,Q18,bargaining,,U,,,,
zehut,Q18,disputes,,U,,,,
zehut,Q19,compulsory,,U,,,,
zehut,Q19,service_model,,U,,,,
zehut,Q20,binding_targets,,U,,,,
zehut,Q20,climate_tool,,U,,,,
blue_white,Q1,statehood,,U,,,,
blue_white,Q1,framework,,U,,,,
blue_white,Q2,obligation,,U,,,,
blue_white,Q2,pathway,,U,,,,
blue_white,Q3,ordinary_override,,U,,,,
blue_white,Q3,appointments,,U,,,,
blue_white,Q4,equality,constitutional,P,BW,,,
blue_white,Q4,identity,,U,,,,
blue_white,Q5,civil_route,,U,,,,
blue_white,Q5,religious_role,,U,,,,
blue_white,Q6,service,limited|full,S,YNET_TRANSPORT26,,,
blue_white,Q6,authority,local,S,YNET_TRANSPORT26,,,
blue_white,Q7,services,expand,P,BW,,,
blue_white,Q7,funding,,U,,,,
blue_white,Q8,imports,open,P,BW,,,
blue_white,Q8,consumer_tool,,U,,,,
blue_white,Q9,core_condition,,U,,,,
blue_white,Q9,school_model,,U,,,,
blue_white,Q10,security_role,,U,,,,
blue_white,Q10,lead,,U,,,,
blue_white,Q11,unilateral_sovereignty,,U,,,,
blue_white,Q11,territorial_route,,U,,,,
blue_white,Q12,settlements,,U,,,,
blue_white,Q12,administration,,U,,,,
blue_white,Q13,statutory,yes,R,TOI_PROBE25,,,
blue_white,Q13,appointment,,U,,,,
blue_white,Q14,binding_limit,yes,P,BW,,,
blue_white,Q14,mechanism,years,P,BW,,,
blue_white,Q15,parent_status,,U,,,,
blue_white,Q15,family_routes,,U,,,,
blue_white,Q16,funding_model,,U,,,,
blue_white,Q16,admissions,,U,,,,
blue_white,Q17,public_stock,,U,,,,
blue_white,Q17,housing_tool,,U,,,,
blue_white,Q18,bargaining,,U,,,,
blue_white,Q18,disputes,,U,,,,
blue_white,Q19,compulsory,,U,,,,
blue_white,Q19,service_model,,U,,,,
blue_white,Q20,binding_targets,,U,,,,
blue_white,Q20,climate_tool,,U,,,,
reservists,Q1,statehood,no,P,M,,,
reservists,Q1,framework,,U,,,,
reservists,Q2,obligation,universal,P,M,,,
reservists,Q2,pathway,military_priority,P,M,,,
reservists,Q3,ordinary_override,,U,,,,
reservists,Q3,appointments,,U,,,,
reservists,Q4,equality,,U,,,,
reservists,Q4,identity,,U,,,,
reservists,Q5,civil_route,,U,,,,
reservists,Q5,religious_role,,U,,,,
reservists,Q6,service,,U,,,,
reservists,Q6,authority,,U,,,,
reservists,Q7,services,,U,,,,
reservists,Q7,funding,,U,,,,
reservists,Q8,imports,,U,,,,
reservists,Q8,consumer_tool,competition,P,M,,,
reservists,Q9,core_condition,,U,,,,
reservists,Q9,school_model,,U,,,,
reservists,Q10,security_role,yes,P,M,,,
reservists,Q10,lead,security,P,M,,,
reservists,Q11,unilateral_sovereignty,,U,,,,
reservists,Q11,territorial_route,,U,,,,
reservists,Q12,settlements,,U,,,,
reservists,Q12,administration,,U,,,,
reservists,Q13,statutory,,U,,,,
reservists,Q13,appointment,,U,,,,
reservists,Q14,binding_limit,yes,P,M,,,
reservists,Q14,mechanism,years|terms,P,M,,,
reservists,Q15,parent_status,,U,,,,
reservists,Q15,family_routes,,U,,,,
reservists,Q16,funding_model,,U,,,,
reservists,Q16,admissions,,U,,,,
reservists,Q17,public_stock,,U,,,,
reservists,Q17,housing_tool,,U,,,,
reservists,Q18,bargaining,,U,,,,
reservists,Q18,disputes,,U,,,,
reservists,Q19,compulsory,yes,P,M,,,
reservists,Q19,service_model,military_priority,P,M,,,
reservists,Q20,binding_targets,,U,,,,
reservists,Q20,climate_tool,,U,,,,
