party_id,question_id,value,status,source_ids
"likud","Q1","-2","S","LS"
"likud","Q2","","U",""
"likud","Q3","","U",""
"likud","Q4","","U",""
"likud","Q5","","U",""
"likud","Q6","","U",""
"likud","Q7","","U",""
"likud","Q8","","U",""
"likud","Q9","","U",""
"likud","Q10","","U",""
"likud","Q11","","U",""
"likud","Q12","","U",""
"likud","Q13","","U",""
"likud","Q14","","U",""
"likud","Q15","","U",""
"likud","Q16","","U",""
"likud","Q17","","U",""
"likud","Q18","","U",""
"likud","Q19","","U",""
"likud","Q20","","U",""
"yashar","Q1","","U",""
"yashar","Q2","2","P","Y"
"yashar","Q3","","U",""
"yashar","Q4","","U",""
"yashar","Q5","","U",""
"yashar","Q6","","U",""
"yashar","Q7","2","P","Y"
"yashar","Q8","2","P","Y"
"yashar","Q9","","U",""
"yashar","Q10","","U",""
"yashar","Q11","","U",""
"yashar","Q12","","U",""
"yashar","Q13","2","P","Y"
"yashar","Q14","2","P","Y"
"yashar","Q15","","U",""
"yashar","Q16","","U",""
"yashar","Q17","","U",""
"yashar","Q18","","U",""
"yashar","Q19","2","P","Y;DR"
"yashar","Q20","","U",""
"beyahad","Q1","","U",""
"beyahad","Q2","2","P","B"
"beyahad","Q3","","U",""
"beyahad","Q4","2","P","B"
"beyahad","Q5","1","P","B"
"beyahad","Q6","2","P","B"
"beyahad","Q7","2","P","B"
"beyahad","Q8","2","P","B"
"beyahad","Q9","2","P","B"
"beyahad","Q10","2","P","B"
"beyahad","Q11","","U",""
"beyahad","Q12","","U",""
"beyahad","Q13","2","P","B"
"beyahad","Q14","2","P","B"
"beyahad","Q15","2","P","B"
"beyahad","Q16","","U",""
"beyahad","Q17","","U",""
"beyahad","Q18","","U",""
"beyahad","Q19","2","S","DR"
"beyahad","Q20","2","P","BE"
"democrats","Q1","2","P","D"
"democrats","Q2","2","P","D"
"democrats","Q3","-2","P","D"
"democrats","Q4","2","P","D"
"democrats","Q5","2","P","D"
"democrats","Q6","2","P","D"
"democrats","Q7","2","P","D"
"democrats","Q8","2","P","D"
"democrats","Q9","2","P","D"
"democrats","Q10","","U",""
"democrats","Q11","-2","P","D"
"democrats","Q12","","U",""
"democrats","Q13","2","P","DC"
"democrats","Q14","2","P","D"
"democrats","Q15","","U",""
"democrats","Q16","","U",""
"democrats","Q17","","U",""
"democrats","Q18","","U",""
"democrats","Q19","2","P","D;DR"
"democrats","Q20","","U",""
"religious_zionism","Q1","","U",""
"religious_zionism","Q2","","U",""
"religious_zionism","Q3","2","H","RJ"
"religious_zionism","Q4","","U",""
"religious_zionism","Q5","","U",""
"religious_zionism","Q6","","U",""
"religious_zionism","Q7","","U",""
"religious_zionism","Q8","","U",""
"religious_zionism","Q9","","U",""
"religious_zionism","Q10","","U",""
"religious_zionism","Q11","2","S","RS"
"religious_zionism","Q12","","U",""
"religious_zionism","Q13","","U",""
"religious_zionism","Q14","","U",""
"religious_zionism","Q15","","U",""
"religious_zionism","Q16","","U",""
"religious_zionism","Q17","","U",""
"religious_zionism","Q18","","U",""
"religious_zionism","Q19","","U",""
"religious_zionism","Q20","","U",""
"otzma","Q1","","U",""
"otzma","Q2","","U",""
"otzma","Q3","","U",""
"otzma","Q4","","U",""
"otzma","Q5","","U",""
"otzma","Q6","","U",""
"otzma","Q7","","U",""
"otzma","Q8","","U",""
"otzma","Q9","","U",""
"otzma","Q10","","U",""
"otzma","Q11","","U",""
"otzma","Q12","","U",""
"otzma","Q13","","U",""
"otzma","Q14","","U",""
"otzma","Q15","","U",""
"otzma","Q16","","U",""
"otzma","Q17","","U",""
"otzma","Q18","","U",""
"otzma","Q19","","U",""
"otzma","Q20","","U",""
"shas","Q1","","U",""
"shas","Q2","-2","R","DR"
"shas","Q3","","U",""
"shas","Q4","","U",""
"shas","Q5","-2","H","S"
"shas","Q6","-2","H","S"
"shas","Q7","2","H","S"
"shas","Q8","","U",""
"shas","Q9","","U",""
"shas","Q10","","U",""
"shas","Q11","","U",""
"shas","Q12","","U",""
"shas","Q13","","U",""
"shas","Q14","","U",""
"shas","Q15","","U",""
"shas","Q16","","U",""
"shas","Q17","2","H","S"
"shas","Q18","","U",""
"shas","Q19","","U",""
"shas","Q20","","U",""
"beytenu","Q1","","U",""
"beytenu","Q2","2","P","IB"
"beytenu","Q3","-2","P","IB"
"beytenu","Q4","2","P","IB"
"beytenu","Q5","2","P","IB"
"beytenu","Q6","2","P","IB"
"beytenu","Q7","2","P","IB"
"beytenu","Q8","2","P","IB"
"beytenu","Q9","2","P","IB"
"beytenu","Q10","","U",""
"beytenu","Q11","","U",""
"beytenu","Q12","","U",""
"beytenu","Q13","2","P","IB"
"beytenu","Q14","2","P","IB"
"beytenu","Q15","","U",""
"beytenu","Q16","","U",""
"beytenu","Q17","","U",""
"beytenu","Q18","","U",""
"beytenu","Q19","2","P","IB"
"beytenu","Q20","","U",""
"raam","Q1","2","H","R"
"raam","Q2","","U",""
"raam","Q3","","U",""
"raam","Q4","2","H","R"
"raam","Q5","","U",""
"raam","Q6","","U",""
"raam","Q7","","U",""
"raam","Q8","","U",""
"raam","Q9","","U",""
"raam","Q10","","U",""
"raam","Q11","-2","H","R"
"raam","Q12","-2","H","R"
"raam","Q13","","U",""
"raam","Q14","","U",""
"raam","Q15","","U",""
"raam","Q16","","U",""
"raam","Q17","","U",""
"raam","Q18","","U",""
"raam","Q19","-2","S","DR"
"raam","Q20","","U",""
"hadash","Q1","2","H","HH"
"hadash","Q2","","U",""
"hadash","Q3","","U",""
"hadash","Q4","2","H","HH"
"hadash","Q5","","U",""
"hadash","Q6","","U",""
"hadash","Q7","2","H","HH"
"hadash","Q8","","U",""
"hadash","Q9","","U",""
"hadash","Q10","","U",""
"hadash","Q11","-2","H","HH"
"hadash","Q12","","U",""
"hadash","Q13","","U",""
"hadash","Q14","","U",""
"hadash","Q15","","U",""
"hadash","Q16","","U",""
"hadash","Q17","2","H","HH"
"hadash","Q18","2","H","H22"
"hadash","Q19","","U",""
"hadash","Q20","","U",""
"taal","Q1","2","R","TI"
"taal","Q2","","U",""
"taal","Q3","","U",""
"taal","Q4","","U",""
"taal","Q5","","U",""
"taal","Q6","","U",""
"taal","Q7","","U",""
"taal","Q8","","U",""
"taal","Q9","","U",""
"taal","Q10","","U",""
"taal","Q11","","U",""
"taal","Q12","","U",""
"taal","Q13","","U",""
"taal","Q14","","U",""
"taal","Q15","","U",""
"taal","Q16","","U",""
"taal","Q17","","U",""
"taal","Q18","2","H","H22"
"taal","Q19","","U",""
"taal","Q20","","U",""
"balad","Q1","","U",""
"balad","Q2","","U",""
"balad","Q3","","U",""
"balad","Q4","2","H","BA"
"balad","Q5","","U",""
"balad","Q6","","U",""
"balad","Q7","1","H","BA"
"balad","Q8","","U",""
"balad","Q9","","U",""
"balad","Q10","","U",""
"balad","Q11","","U",""
"balad","Q12","","U",""
"balad","Q13","","U",""
"balad","Q14","","U",""
"balad","Q15","","U",""
"balad","Q16","","U",""
"balad","Q17","","U",""
"balad","Q18","2","H","BA"
"balad","Q19","","U",""
"balad","Q20","","U",""
"utj","Q1","","U",""
"utj","Q2","-2","S","DR"
"utj","Q3","","U",""
"utj","Q4","","U",""
"utj","Q5","-2","H","UT"
"utj","Q6","-2","H","UT"
"utj","Q7","","U",""
"utj","Q8","","U",""
"utj","Q9","-2","H","UT"
"utj","Q10","","U",""
"utj","Q11","","U",""
"utj","Q12","","U",""
"utj","Q13","","U",""
"utj","Q14","","U",""
"utj","Q15","","U",""
"utj","Q16","","U",""
"utj","Q17","","U",""
"utj","Q18","","U",""
"utj","Q19","","U",""
"utj","Q20","","U",""
"zehut","Q1","-2","P","Z"
"zehut","Q2","-2","P","Z"
"zehut","Q3","","U",""
"zehut","Q4","","U",""
"zehut","Q5","","U",""
"zehut","Q6","","U",""
"zehut","Q7","-2","P","Z"
"zehut","Q8","2","P","Z"
"zehut","Q9","2","P","Z"
"zehut","Q10","2","P","ZC"
"zehut","Q11","2","P","Z"
"zehut","Q12","2","P","ZC"
"zehut","Q13","","U",""
"zehut","Q14","","U",""
"zehut","Q15","","U",""
"zehut","Q16","2","P","Z"
"zehut","Q17","","U",""
"zehut","Q18","","U",""
"zehut","Q19","","U",""
"zehut","Q20","","U",""
"blue_white","Q1","","U",""
"blue_white","Q2","","U",""
"blue_white","Q3","","U",""
"blue_white","Q4","2","P","BW"
"blue_white","Q5","","U",""
"blue_white","Q6","","U",""
"blue_white","Q7","2","P","BW"
"blue_white","Q8","2","P","BW"
"blue_white","Q9","","U",""
"blue_white","Q10","","U",""
"blue_white","Q11","","U",""
"blue_white","Q12","","U",""
"blue_white","Q13","","U",""
"blue_white","Q14","2","P","BW"
"blue_white","Q15","","U",""
"blue_white","Q16","","U",""
"blue_white","Q17","","U",""
"blue_white","Q18","","U",""
"blue_white","Q19","","U",""
"blue_white","Q20","","U",""
"reservists","Q1","-2","P","M"
"reservists","Q2","2","P","M"
"reservists","Q3","","U",""
"reservists","Q4","","U",""
"reservists","Q5","","U",""
"reservists","Q6","","U",""
"reservists","Q7","","U",""
"reservists","Q8","","U",""
"reservists","Q9","","U",""
"reservists","Q10","","U",""
"reservists","Q11","","U",""
"reservists","Q12","","U",""
"reservists","Q13","","U",""
"reservists","Q14","","U",""
"reservists","Q15","","U",""
"reservists","Q16","","U",""
"reservists","Q17","","U",""
"reservists","Q18","","U",""
"reservists","Q19","2","P","M"
"reservists","Q20","","U",""
